level,pairs,bare_mspt,bare_msptMin,bare_msptMax,bare_tps,bare_wsMB,bare_cpuPct,slim_mspt,slim_msptMin,slim_msptMax,slim_tps,slim_wsMB,slim_cpuPct,mspt_diff
0,0,0.57,0.33,3.87,20.0,927.8,4.7,0.43,0.3,2.5,20.0,953.8,4.7,-0.14
100,79,24.75,16.5,66.43,20.0,941.8,140.4,30.3,17.0,96.87,19.87,986.2,202.4,5.55
150,121,46.86,30.4,104.47,20.33,978.0,259.6,48.86,31.7,141.43,17.63,999.4,297.1,2.0
200,163,64.54,47.33,166.4,15.8,980.0,284.4,66.52,47.13,139.1,14.93,1001.9,295.3,1.98
250,201,79.26,57.63,161.27,12.87,980.3,283.0,89.55,56.7,205.57,12.03,1008.4,300.2,10.29
300,242,96.74,71.63,178.1,10.67,981.1,290.0,103.73,71.6,208.8,9.5,1009.9,297.9,6.99
350,283,114.21,83.93,340.13,7.7,981.3,275.4,127.11,87.23,267.37,7.9,1012.7,292.2,12.9
400,321,128.42,87.87,274.3,7.43,981.7,283.6,125.14,88.83,288.8,8.33,1013.0,294.6,-3.28
500,386,116.72,87.3,242.67,8.4,982.1,286.1,126.51,89.03,277.27,7.73,1014.4,297.9,9.79
